epoch,time,train/box_loss,train/cls_loss,train/dfl_loss,metrics/precision(B),metrics/recall(B),metrics/mAP50(B),metrics/mAP50-95(B),val/box_loss,val/cls_loss,val/dfl_loss,lr/pg0,lr/pg1,lr/pg2,lr/pg3,lr/pg4,lr/pg5,lr/pg6,lr/pg7
1,714.363,2.52043,4.33175,0.01319,0.36736,0.07115,0.05082,0.02852,2.59242,3.98537,0.01408,0.00998969,0.0033299,0.00998969,0.0033299,0.00998969,0.0033299,0.00998969,0.0033299
2,1348.34,2.47376,3.55914,0.01233,0.37974,0.06496,0.05774,0.03105,2.60305,3.80491,0.01436,0.0199875,0.00666251,0.0199875,0.00666251,0.0199875,0.00666251,0.0199875,0.00666251
3,1853.08,2.52185,3.53103,0.01273,0.49409,0.08418,0.04808,0.02256,2.79683,3.77547,0.01616,0.0299767,0.00999222,0.0299767,0.00999222,0.0299767,0.00999222,0.0299767,0.00999222
4,3186.88,2.55712,3.55173,0.01299,0.37055,0.08112,0.05517,0.02751,2.66961,3.66762,0.01481,0.0299707,0.00999023,0.0299707,0.00999023,0.0299707,0.00999023,0.0299707,0.00999023
5,3761.3,2.53389,3.4977,0.01275,0.43195,0.09609,0.06312,0.03179,2.67294,3.62302,0.01465,0.0299479,0.00998264,0.0299479,0.00998264,0.0299479,0.00998264,0.0299479,0.00998264
6,4384.49,2.49661,3.44318,0.01244,0.2704,0.11234,0.07808,0.04106,2.57833,3.50571,0.01404,0.0299187,0.00997288,0.0299187,0.00997288,0.0299187,0.00997288,0.0299187,0.00997288
7,5088.91,2.49228,3.40944,0.01231,0.40575,0.10627,0.0729,0.03804,2.5848,3.51174,0.01371,0.0298829,0.00996097,0.0298829,0.00996097,0.0298829,0.00996097,0.0298829,0.00996097
8,5627.39,2.47657,3.40251,0.01224,0.34303,0.1162,0.08651,0.04655,2.56452,3.44918,0.01357,0.0298407,0.0099469,0.0298407,0.0099469,0.0298407,0.0099469,0.0298407,0.0099469
9,6310.86,2.46055,3.36828,0.01207,0.50593,0.09884,0.08191,0.04254,2.55802,3.515,0.01345,0.029792,0.00993068,0.029792,0.00993068,0.029792,0.00993068,0.029792,0.00993068
10,6793.02,2.45447,3.35603,0.01198,0.33096,0.12485,0.09446,0.05026,2.54422,3.40047,0.01321,0.029737,0.00991232,0.029737,0.00991232,0.029737,0.00991232,0.029737,0.00991232
11,7289.79,2.45101,3.3395,0.0119,0.32959,0.1304,0.09779,0.05309,2.53348,3.36768,0.01316,0.0296755,0.00989183,0.0296755,0.00989183,0.0296755,0.00989183,0.0296755,0.00989183
12,7775.67,2.44546,3.34957,0.01194,0.30755,0.13349,0.10108,0.05463,2.50701,3.34714,0.01301,0.0296076,0.00986922,0.0296076,0.00986922,0.0296076,0.00986922,0.0296076,0.00986922
13,8250.07,2.43769,3.3235,0.01182,0.36017,0.1297,0.10141,0.05568,2.49352,3.35684,0.01284,0.0295335,0.00984449,0.0295335,0.00984449,0.0295335,0.00984449,0.0295335,0.00984449
14,8761.77,2.43627,3.31327,0.01177,0.37587,0.1363,0.10691,0.05983,2.50178,3.33453,0.01288,0.029453,0.00981765,0.029453,0.00981765,0.029453,0.00981765,0.029453,0.00981765
15,9215.86,2.43148,3.29963,0.01174,0.33892,0.13813,0.11161,0.06152,2.49261,3.31139,0.01284,0.0293662,0.00978873,0.0293662,0.00978873,0.0293662,0.00978873,0.0293662,0.00978873
16,9672.77,2.42975,3.28486,0.01166,0.34107,0.1394,0.11173,0.06207,2.4717,3.30056,0.01263,0.0292732,0.00975773,0.0292732,0.00975773,0.0292732,0.00975773,0.0292732,0.00975773
17,10185,2.42516,3.30191,0.01165,0.35819,0.14011,0.11369,0.06363,2.47044,3.28726,0.01264,0.029174,0.00972466,0.029174,0.00972466,0.029174,0.00972466,0.029174,0.00972466
18,10775.7,2.41923,3.28622,0.01162,0.37851,0.14371,0.11709,0.06511,2.46753,3.28054,0.01254,0.0290686,0.00968955,0.0290686,0.00968955,0.0290686,0.00968955,0.0290686,0.00968955
19,11274.4,2.41664,3.26916,0.01157,0.36069,0.14549,0.11835,0.06617,2.45542,3.26928,0.01241,0.0289572,0.00965239,0.0289572,0.00965239,0.0289572,0.00965239,0.0289572,0.00965239
20,11797.7,2.42211,3.29061,0.01164,0.3889,0.14838,0.12086,0.06795,2.45305,3.25812,0.01237,0.0288397,0.00961322,0.0288397,0.00961322,0.0288397,0.00961322,0.0288397,0.00961322
21,12291.1,2.41567,3.27704,0.01162,0.37938,0.15044,0.12213,0.06884,2.45293,3.25165,0.01237,0.0287162,0.00957205,0.0287162,0.00957205,0.0287162,0.00957205,0.0287162,0.00957205
22,12750.8,2.41161,3.25113,0.01152,0.3881,0.15194,0.12519,0.07121,2.44928,3.23665,0.01234,0.0285867,0.00952889,0.0285867,0.00952889,0.0285867,0.00952889,0.0285867,0.00952889
23,13209.2,2.40483,3.25746,0.01161,0.38835,0.15165,0.12622,0.07149,2.44406,3.22996,0.01235,0.0284513,0.00948377,0.0284513,0.00948377,0.0284513,0.00948377,0.0284513,0.00948377
24,13666,2.41219,3.26283,0.01157,0.3972,0.15173,0.12682,0.07237,2.44505,3.22436,0.01236,0.0283101,0.00943671,0.0283101,0.00943671,0.0283101,0.00943671,0.0283101,0.00943671
25,14129.4,2.4021,3.23829,0.01148,0.38724,0.15404,0.12768,0.07286,2.43446,3.22282,0.01227,0.0281632,0.00938772,0.0281632,0.00938772,0.0281632,0.00938772,0.0281632,0.00938772
26,14685.8,2.40504,3.24412,0.01145,0.39714,0.15471,0.12971,0.07381,2.43194,3.21693,0.01221,0.0280105,0.00933683,0.0280105,0.00933683,0.0280105,0.00933683,0.0280105,0.00933683
27,15150.6,2.40377,3.23426,0.01146,0.38464,0.15632,0.1297,0.07419,2.42811,3.21121,0.01219,0.0278522,0.00928405,0.0278522,0.00928405,0.0278522,0.00928405,0.0278522,0.00928405
28,15647.2,2.40552,3.245,0.01147,0.38595,0.15597,0.13018,0.07456,2.42665,3.20822,0.01214,0.0276883,0.00922942,0.0276883,0.00922942,0.0276883,0.00922942,0.0276883,0.00922942
29,16116.9,2.40606,3.23976,0.01157,0.39923,0.15823,0.13141,0.07549,2.42269,3.20353,0.01213,0.0275189,0.00917296,0.0275189,0.00917296,0.0275189,0.00917296,0.0275189,0.00917296
30,16570.9,2.40328,3.23235,0.01141,0.40269,0.15915,0.13217,0.07595,2.42214,3.19919,0.01211,0.0273441,0.00911469,0.0273441,0.00911469,0.0273441,0.00911469,0.0273441,0.00911469
31,17036.4,2.39942,3.23507,0.01146,0.39355,0.15894,0.13266,0.07637,2.42188,3.19549,0.01211,0.0271639,0.00905463,0.0271639,0.00905463,0.0271639,0.00905463,0.0271639,0.00905463
32,17510.6,2.39681,3.23795,0.01144,0.39338,0.15925,0.13302,0.07686,2.41867,3.19337,0.01208,0.0269785,0.00899282,0.0269785,0.00899282,0.0269785,0.00899282,0.0269785,0.00899282
33,20180.9,2.39931,3.2149,0.01134,0.3909,0.16008,0.13409,0.07715,2.41743,3.19127,0.01208,0.0267878,0.00892928,0.0267878,0.00892928,0.0267878,0.00892928,0.0267878,0.00892928
34,20655.9,2.38974,3.2246,0.01138,0.38294,0.16053,0.13428,0.07735,2.41624,3.18998,0.01206,0.0265921,0.00886404,0.0265921,0.00886404,0.0265921,0.00886404,0.0265921,0.00886404
35,21122.5,2.38355,3.21387,0.0113,0.38538,0.16106,0.13446,0.07748,2.4137,3.18933,0.01203,0.0263914,0.00879713,0.0263914,0.00879713,0.0263914,0.00879713,0.0263914,0.00879713
36,21589.3,2.38832,3.22043,0.01134,0.38337,0.16143,0.13479,0.07753,2.41262,3.1881,0.012,0.0261857,0.00872857,0.0261857,0.00872857,0.0261857,0.00872857,0.0261857,0.00872857
37,22052,2.38583,3.19575,0.01127,0.38156,0.16156,0.13484,0.0777,2.41258,3.18631,0.012,0.0259752,0.00865839,0.0259752,0.00865839,0.0259752,0.00865839,0.0259752,0.00865839
38,22518.4,2.38896,3.20433,0.01132,0.38236,0.16106,0.1352,0.07788,2.4126,3.18501,0.01198,0.0257599,0.00858664,0.0257599,0.00858664,0.0257599,0.00858664,0.0257599,0.00858664
39,23042.9,2.38568,3.194,0.01128,0.379,0.16191,0.13544,0.07833,2.4123,3.18421,0.01197,0.02554,0.00851333,0.02554,0.00851333,0.02554,0.00851333,0.02554,0.00851333
40,23464.8,2.38714,3.20902,0.01129,0.38343,0.16162,0.13586,0.07857,2.4123,3.18278,0.01196,0.0253155,0.00843851,0.0253155,0.00843851,0.0253155,0.00843851,0.0253155,0.00843851
41,23893.1,2.37751,3.20135,0.01124,0.38165,0.16149,0.13585,0.07867,2.41153,3.18206,0.01196,0.0250866,0.0083622,0.0250866,0.0083622,0.0250866,0.0083622,0.0250866,0.0083622
42,24345.5,2.37301,3.18401,0.01118,0.37888,0.1617,0.13604,0.07878,2.40996,3.18092,0.01195,0.0248533,0.00828443,0.0248533,0.00828443,0.0248533,0.00828443,0.0248533,0.00828443
43,24767.9,2.37311,3.18869,0.01123,0.37448,0.16163,0.1361,0.0789,2.40812,3.17926,0.01193,0.0246157,0.00820525,0.0246157,0.00820525,0.0246157,0.00820525,0.0246157,0.00820525
44,25197.3,2.36983,3.18768,0.01124,0.3756,0.16183,0.13655,0.07913,2.40642,3.17774,0.01193,0.024374,0.00812468,0.024374,0.00812468,0.024374,0.00812468,0.024374,0.00812468
45,25672.4,2.36518,3.17428,0.01119,0.37904,0.16169,0.13703,0.07934,2.40433,3.17668,0.0119,0.0241283,0.00804277,0.0241283,0.00804277,0.0241283,0.00804277,0.0241283,0.00804277
46,26131.6,2.36932,3.17586,0.01117,0.37838,0.16136,0.13721,0.07951,2.40441,3.17564,0.01191,0.0238786,0.00795954,0.0238786,0.00795954,0.0238786,0.00795954,0.0238786,0.00795954
47,26749.3,2.36718,3.18168,0.01117,0.38112,0.16138,0.13729,0.07949,2.4048,3.17397,0.01192,0.0236251,0.00787503,0.0236251,0.00787503,0.0236251,0.00787503,0.0236251,0.00787503
48,27210.8,2.36383,3.16909,0.01112,0.38324,0.16118,0.13745,0.07976,2.40399,3.1734,0.01192,0.0233679,0.00778929,0.0233679,0.00778929,0.0233679,0.00778929,0.0233679,0.00778929
49,27844.7,2.37113,3.18929,0.01124,0.38795,0.16191,0.13773,0.07997,2.40355,3.17151,0.01193,0.023107,0.00770234,0.023107,0.00770234,0.023107,0.00770234,0.023107,0.00770234
50,28302,2.36753,3.15598,0.0111,0.38907,0.16171,0.13805,0.0802,2.40256,3.16964,0.01191,0.0228427,0.00761423,0.0228427,0.00761423,0.0228427,0.00761423,0.0228427,0.00761423
51,28793.4,2.36842,3.17524,0.01118,0.3878,0.16173,0.13821,0.08042,2.40197,3.16869,0.0119,0.022575,0.007525,0.022575,0.007525,0.022575,0.007525,0.022575,0.007525
52,29253.4,2.36341,3.15631,0.01107,0.3904,0.16176,0.1385,0.08061,2.40103,3.16812,0.01188,0.022304,0.00743468,0.022304,0.00743468,0.022304,0.00743468,0.022304,0.00743468
53,29735.3,2.35183,3.14923,0.01111,0.39247,0.16206,0.13883,0.08084,2.39991,3.16669,0.01189,0.0220299,0.00734332,0.0220299,0.00734332,0.0220299,0.00734332,0.0220299,0.00734332
54,30236,2.36013,3.15278,0.01109,0.3944,0.16294,0.13928,0.08111,2.39938,3.1654,0.01189,0.0217528,0.00725094,0.0217528,0.00725094,0.0217528,0.00725094,0.0217528,0.00725094
55,30788.2,2.35745,3.15223,0.01104,0.39684,0.16281,0.13958,0.0813,2.39818,3.16408,0.0119,0.0214728,0.00715761,0.0214728,0.00715761,0.0214728,0.00715761,0.0214728,0.00715761
56,31244.7,2.35241,3.15333,0.01103,0.39462,0.16324,0.1397,0.0815,2.39648,3.16336,0.01189,0.02119,0.00706335,0.02119,0.00706335,0.02119,0.00706335,0.02119,0.00706335
57,31743.1,2.34699,3.13397,0.01101,0.39213,0.16318,0.14009,0.08182,2.39486,3.1617,0.01188,0.0209046,0.0069682,0.0209046,0.0069682,0.0209046,0.0069682,0.0209046,0.0069682
58,32208.6,2.34932,3.13325,0.01096,0.39653,0.16389,0.14035,0.08197,2.39402,3.15981,0.01187,0.0206166,0.00687222,0.0206166,0.00687222,0.0206166,0.00687222,0.0206166,0.00687222
59,32716.9,2.34463,3.13276,0.01099,0.39853,0.16422,0.1407,0.08209,2.39425,3.15919,0.01188,0.0203263,0.00677543,0.0203263,0.00677543,0.0203263,0.00677543,0.0203263,0.00677543
60,33215,2.34599,3.13988,0.01103,0.3987,0.16399,0.14099,0.08236,2.39321,3.15766,0.01187,0.0200337,0.00667789,0.0200337,0.00667789,0.0200337,0.00667789,0.0200337,0.00667789
61,33687.6,2.3481,3.14312,0.01103,0.40196,0.16388,0.1413,0.08265,2.39198,3.15716,0.01187,0.0197389,0.00657963,0.0197389,0.00657963,0.0197389,0.00657963,0.0197389,0.00657963
62,34148.8,2.33602,3.12099,0.01096,0.40375,0.16379,0.14147,0.0828,2.39178,3.1561,0.01187,0.0194421,0.00648071,0.0194421,0.00648071,0.0194421,0.00648071,0.0194421,0.00648071
63,34607,2.3426,3.11819,0.01097,0.40421,0.16343,0.1419,0.08306,2.39014,3.15459,0.01186,0.0191435,0.00638115,0.0191435,0.00638115,0.0191435,0.00638115,0.0191435,0.00638115
64,35067.5,2.35054,3.12807,0.01094,0.40535,0.16312,0.14204,0.08308,2.38964,3.15301,0.01186,0.018843,0.00628101,0.018843,0.00628101,0.018843,0.00628101,0.018843,0.00628101
65,35543.5,2.34041,3.12214,0.01096,0.40953,0.16329,0.14241,0.08336,2.38749,3.15165,0.01184,0.018541,0.00618034,0.018541,0.00618034,0.018541,0.00618034,0.018541,0.00618034
66,36004.6,2.3346,3.11215,0.0109,0.41008,0.16371,0.14255,0.08355,2.38654,3.15024,0.01184,0.0182375,0.00607916,0.0182375,0.00607916,0.0182375,0.00607916,0.0182375,0.00607916
67,36504.8,2.33806,3.10395,0.01091,0.41143,0.16358,0.14282,0.08364,2.38547,3.14896,0.01183,0.0179326,0.00597754,0.0179326,0.00597754,0.0179326,0.00597754,0.0179326,0.00597754
68,36999.7,2.34275,3.12394,0.01093,0.41245,0.16336,0.14298,0.08383,2.38432,3.14707,0.01183,0.0176265,0.00587551,0.0176265,0.00587551,0.0176265,0.00587551,0.0176265,0.00587551
69,37516.9,2.32898,3.10182,0.01089,0.41523,0.16362,0.1432,0.08405,2.38394,3.14444,0.01182,0.0173193,0.00577311,0.0173193,0.00577311,0.0173193,0.00577311,0.0173193,0.00577311
70,37991.6,2.33223,3.1043,0.01088,0.41371,0.16377,0.14348,0.08433,2.38143,3.14387,0.0118,0.0170112,0.0056704,0.0170112,0.0056704,0.0170112,0.0056704,0.0170112,0.0056704
71,38458.4,2.33164,3.08964,0.01084,0.40914,0.16369,0.14397,0.08456,2.38093,3.14241,0.01179,0.0167022,0.00556742,0.0167022,0.00556742,0.0167022,0.00556742,0.0167022,0.00556742
72,38918.8,2.34268,3.10998,0.01088,0.41385,0.16324,0.14412,0.08472,2.38051,3.14124,0.01179,0.0163926,0.00546421,0.0163926,0.00546421,0.0163926,0.00546421,0.0163926,0.00546421
73,39395.2,2.32984,3.09016,0.01077,0.40908,0.16412,0.14431,0.08489,2.38003,3.13964,0.01179,0.0160824,0.00536081,0.0160824,0.00536081,0.0160824,0.00536081,0.0160824,0.00536081
74,39852.3,2.3312,3.10163,0.01084,0.40839,0.16449,0.1445,0.085,2.37923,3.1387,0.01178,0.0157719,0.00525728,0.0157719,0.00525728,0.0157719,0.00525728,0.0157719,0.00525728
75,40319.6,2.32428,3.09727,0.0108,0.4087,0.16435,0.14461,0.08517,2.37739,3.13734,0.01176,0.015461,0.00515366,0.015461,0.00515366,0.015461,0.00515366,0.015461,0.00515366
76,43221.3,2.31657,3.07837,0.01081,0.40519,0.16467,0.14491,0.08539,2.37552,3.13615,0.01174,0.01515,0.00505,0.01515,0.00505,0.01515,0.00505,0.01515,0.00505
77,43712.5,2.32394,3.09234,0.01079,0.40518,0.1648,0.14511,0.08556,2.3742,3.13473,0.01175,0.014839,0.00494634,0.014839,0.00494634,0.014839,0.00494634,0.014839,0.00494634
78,44183.3,2.31842,3.06982,0.01077,0.40405,0.16565,0.14519,0.08565,2.37246,3.13441,0.01174,0.0145281,0.00484272,0.0145281,0.00484272,0.0145281,0.00484272,0.0145281,0.00484272
79,44636.7,2.31297,3.06277,0.01073,0.40531,0.1657,0.1455,0.08589,2.37166,3.13239,0.01174,0.0142176,0.00473919,0.0142176,0.00473919,0.0142176,0.00473919,0.0142176,0.00473919
80,45105,2.31538,3.05359,0.01065,0.40577,0.16575,0.14563,0.08604,2.37074,3.13103,0.01173,0.0139074,0.00463579,0.0139074,0.00463579,0.0139074,0.00463579,0.0139074,0.00463579
81,45711.5,2.31059,3.05979,0.0107,0.40854,0.16554,0.14573,0.08613,2.36953,3.12929,0.01173,0.0135978,0.00453258,0.0135978,0.00453258,0.0135978,0.00453258,0.0135978,0.00453258
82,46168.4,2.3186,3.07993,0.01081,0.40875,0.16547,0.14589,0.08638,2.36873,3.12873,0.01172,0.0132888,0.0044296,0.0132888,0.0044296,0.0132888,0.0044296,0.0132888,0.0044296
83,46637.3,2.30908,3.05722,0.01067,0.41006,0.16537,0.14617,0.08659,2.36802,3.12791,0.01171,0.0129807,0.00432689,0.0129807,0.00432689,0.0129807,0.00432689,0.0129807,0.00432689
84,47163.5,2.30523,3.05104,0.01065,0.41312,0.16536,0.14675,0.08707,2.36808,3.12583,0.01173,0.0126735,0.00422449,0.0126735,0.00422449,0.0126735,0.00422449,0.0126735,0.00422449
85,47838.6,2.30791,3.06232,0.01073,0.41065,0.16596,0.14693,0.08718,2.36773,3.12485,0.01172,0.0123674,0.00412246,0.0123674,0.00412246,0.0123674,0.00412246,0.0123674,0.00412246
86,48335.4,2.30786,3.04618,0.01061,0.41018,0.16629,0.14725,0.0875,2.36668,3.12316,0.01172,0.0120625,0.00402084,0.0120625,0.00402084,0.0120625,0.00402084,0.0120625,0.00402084
87,48812,2.29457,3.03053,0.01063,0.4147,0.16634,0.14753,0.08775,2.36615,3.1213,0.01172,0.011759,0.00391966,0.011759,0.00391966,0.011759,0.00391966,0.011759,0.00391966
88,49286,2.30875,3.03413,0.01058,0.41146,0.1668,0.14777,0.08786,2.36571,3.12055,0.01172,0.011457,0.00381899,0.011457,0.00381899,0.011457,0.00381899,0.011457,0.00381899
89,49772.5,2.30319,3.03385,0.01059,0.41469,0.16646,0.14815,0.0881,2.36442,3.11952,0.01172,0.0111565,0.00371885,0.0111565,0.00371885,0.0111565,0.00371885,0.0111565,0.00371885
90,50260,2.29479,3.0247,0.01058,0.41436,0.16718,0.14823,0.08819,2.36368,3.11786,0.01171,0.0108579,0.00361929,0.0108579,0.00361929,0.0108579,0.00361929,0.0108579,0.00361929
91,50816.7,2.29273,3.01645,0.01055,0.41489,0.16719,0.14857,0.08838,2.36215,3.11739,0.0117,0.0105611,0.00352037,0.0105611,0.00352037,0.0105611,0.00352037,0.0105611,0.00352037
92,52787.9,2.28817,3.01747,0.01056,0.41466,0.16786,0.14875,0.0885,2.36066,3.11759,0.01167,0.0102663,0.00342211,0.0102663,0.00342211,0.0102663,0.00342211,0.0102663,0.00342211
93,53298.3,2.28674,3.00916,0.01052,0.41609,0.16768,0.14884,0.08867,2.35863,3.1164,0.01168,0.00997371,0.00332457,0.00997371,0.00332457,0.00997371,0.00332457,0.00997371,0.00332457
94,53795.5,2.28742,3.01309,0.01052,0.41586,0.16806,0.14922,0.08899,2.35614,3.1166,0.01165,0.00968335,0.00322778,0.00968335,0.00322778,0.00968335,0.00322778,0.00968335,0.00322778
95,54314,2.29245,3.00597,0.01049,0.42138,0.16785,0.1495,0.08925,2.3563,3.11529,0.01166,0.00939539,0.0031318,0.00939539,0.0031318,0.00939539,0.0031318,0.00939539,0.0031318
96,54854.9,2.27877,2.99796,0.01048,0.42147,0.16757,0.14961,0.08944,2.35654,3.11383,0.01167,0.00910996,0.00303665,0.00910996,0.00303665,0.00910996,0.00303665,0.00910996,0.00303665
97,55375.6,2.27866,2.98866,0.01045,0.42356,0.16748,0.1498,0.08955,2.35471,3.11445,0.01165,0.00882718,0.00294239,0.00882718,0.00294239,0.00882718,0.00294239,0.00882718,0.00294239
98,56166.6,2.28411,2.99522,0.01043,0.41849,0.16773,0.14985,0.08963,2.3534,3.11378,0.01165,0.00854717,0.00284906,0.00854717,0.00284906,0.00854717,0.00284906,0.00854717,0.00284906
99,56673.3,2.2816,2.99838,0.01046,0.42189,0.16768,0.14989,0.08958,2.35315,3.11349,0.01164,0.00827005,0.00275668,0.00827005,0.00275668,0.00827005,0.00275668,0.00827005,0.00275668
100,57189.6,2.27475,2.98967,0.01043,0.42141,0.16791,0.15016,0.0897,2.35271,3.11373,0.01163,0.00799596,0.00266532,0.00799596,0.00266532,0.00799596,0.00266532,0.00799596,0.00266532
101,57692.4,2.2729,2.97712,0.01042,0.42052,0.16824,0.15025,0.08982,2.35222,3.1139,0.01163,0.007725,0.002575,0.007725,0.002575,0.007725,0.002575,0.007725,0.002575
102,58237,2.27976,2.98446,0.01041,0.42432,0.16813,0.15058,0.08998,2.35171,3.11387,0.01163,0.0074573,0.00248577,0.0074573,0.00248577,0.0074573,0.00248577,0.0074573,0.00248577
103,58756.7,2.27459,2.97484,0.01034,0.4251,0.16812,0.15063,0.09007,2.3522,3.1124,0.01163,0.00719297,0.00239766,0.00719297,0.00239766,0.00719297,0.00239766,0.00719297,0.00239766
104,59258.7,2.27459,2.97286,0.01035,0.42729,0.16881,0.15098,0.09025,2.35264,3.1117,0.01165,0.00693214,0.00231071,0.00693214,0.00231071,0.00693214,0.00231071,0.00693214,0.00231071
105,59849.5,2.25904,2.94998,0.01029,0.42595,0.16832,0.15118,0.09041,2.35306,3.11172,0.01165,0.0066749,0.00222497,0.0066749,0.00222497,0.0066749,0.00222497,0.0066749,0.00222497
106,60310.9,2.26523,2.95938,0.01032,0.42466,0.16847,0.15128,0.09045,2.35246,3.11201,0.01165,0.00642139,0.00214046,0.00642139,0.00214046,0.00642139,0.00214046,0.00642139,0.00214046
107,60769.2,2.26921,2.95653,0.0103,0.42513,0.1682,0.15144,0.09052,2.35168,3.1114,0.01165,0.0061717,0.00205723,0.0061717,0.00205723,0.0061717,0.00205723,0.0061717,0.00205723
108,61227.7,2.25927,2.92294,0.01015,0.42502,0.16796,0.15131,0.09062,2.35088,3.11101,0.01165,0.00592596,0.00197532,0.00592596,0.00197532,0.00592596,0.00197532,0.00592596,0.00197532
109,61686.4,2.25844,2.9344,0.01025,0.42373,0.16783,0.15154,0.09079,2.35022,3.11038,0.01164,0.00568425,0.00189475,0.00568425,0.00189475,0.00568425,0.00189475,0.00568425,0.00189475
110,62143,2.2601,2.95863,0.01031,0.42414,0.1675,0.15157,0.0908,2.34815,3.11125,0.01162,0.0054467,0.00181557,0.0054467,0.00181557,0.0054467,0.00181557,0.0054467,0.00181557
111,62633.7,2.25526,2.93402,0.01023,0.42472,0.16741,0.15162,0.09085,2.34649,3.11277,0.01162,0.00521341,0.0017378,0.00521341,0.0017378,0.00521341,0.0017378,0.00521341,0.0017378
112,63101.7,2.254,2.93646,0.01024,0.42491,0.16716,0.1518,0.09096,2.34572,3.1124,0.01162,0.00498448,0.00166149,0.00498448,0.00166149,0.00498448,0.00166149,0.00498448,0.00166149
113,63583.8,2.24306,2.92886,0.01022,0.42459,0.16697,0.15205,0.09113,2.34529,3.11286,0.01162,0.00476,0.00158667,0.00476,0.00158667,0.00476,0.00158667,0.00476,0.00158667
114,64072.3,2.24757,2.93022,0.0102,0.42653,0.16705,0.15218,0.0913,2.34533,3.11313,0.01162,0.00454008,0.00151336,0.00454008,0.00151336,0.00454008,0.00151336,0.00454008,0.00151336
115,64535.8,2.24946,2.91689,0.01016,0.4293,0.16707,0.15203,0.09129,2.34526,3.11328,0.01162,0.00432482,0.00144161,0.00432482,0.00144161,0.00432482,0.00144161,0.00432482,0.00144161
116,65253.2,2.24908,2.91029,0.01011,0.43201,0.16749,0.15211,0.09131,2.34527,3.11326,0.01161,0.0041143,0.00137143,0.0041143,0.00137143,0.0041143,0.00137143,0.0041143,0.00137143
117,65711.9,2.24212,2.9079,0.01011,0.43204,0.16727,0.15225,0.0914,2.34521,3.11326,0.0116,0.00390862,0.00130287,0.00390862,0.00130287,0.00390862,0.00130287,0.00390862,0.00130287
118,67391.1,2.24307,2.90169,0.01009,0.43081,0.1677,0.15216,0.09139,2.34527,3.11397,0.0116,0.00370788,0.00123596,0.00370788,0.00123596,0.00370788,0.00123596,0.00370788,0.00123596
119,67854.2,2.23972,2.91758,0.01017,0.42903,0.16714,0.15207,0.0914,2.34527,3.11512,0.0116,0.00351215,0.00117072,0.00351215,0.00117072,0.00351215,0.00117072,0.00351215,0.00117072
120,68314.4,2.24358,2.9051,0.01011,0.42941,0.16689,0.15188,0.09139,2.34443,3.11507,0.0116,0.00332153,0.00110718,0.00332153,0.00110718,0.00332153,0.00110718,0.00332153,0.00110718
121,68774.1,2.23782,2.89406,0.01005,0.43095,0.16677,0.15193,0.09144,2.34442,3.11579,0.0116,0.0031361,0.00104537,0.0031361,0.00104537,0.0031361,0.00104537,0.0031361,0.00104537
122,69234.1,2.23146,2.88478,0.01004,0.43189,0.1673,0.15203,0.09154,2.34403,3.11515,0.0116,0.00295593,0.000985311,0.00295593,0.000985311,0.00295593,0.000985311,0.00295593,0.000985311
123,69697.4,2.23266,2.88953,0.01007,0.43179,0.16708,0.15211,0.09164,2.34434,3.11559,0.01161,0.00278112,0.00092704,0.00278112,0.00092704,0.00278112,0.00092704,0.00278112,0.00092704
124,70193.8,2.23316,2.88354,0.01002,0.43374,0.16716,0.15223,0.0917,2.34408,3.11667,0.0116,0.00261173,0.000870577,0.00261173,0.000870577,0.00261173,0.000870577,0.00261173,0.000870577
125,70650.2,2.23312,2.87836,0.01,0.43339,0.16703,0.15203,0.09159,2.34322,3.11785,0.01159,0.00244784,0.000815947,0.00244784,0.000815947,0.00244784,0.000815947,0.00244784,0.000815947
126,71110.7,2.27543,2.8542,0.01132,0.43354,0.16687,0.15197,0.09163,2.34332,3.11717,0.01159,0.00228952,0.000763174,0.00228952,0.000763174,0.00228952,0.000763174,0.00228952,0.000763174
127,71565.9,2.26861,2.83423,0.01125,0.43471,0.16675,0.15207,0.09175,2.3436,3.11687,0.01159,0.00213685,0.000712282,0.00213685,0.000712282,0.00213685,0.000712282,0.00213685,0.000712282
128,72028.5,2.26388,2.82754,0.01117,0.43391,0.16689,0.15232,0.09191,2.34265,3.1169,0.01158,0.00198988,0.000663292,0.00198988,0.000663292,0.00198988,0.000663292,0.00198988,0.000663292
129,72490.7,2.26224,2.82482,0.01115,0.4375,0.16609,0.15231,0.0919,2.34281,3.11732,0.01157,0.00184868,0.000616227,0.00184868,0.000616227,0.00184868,0.000616227,0.00184868,0.000616227
130,72953.8,2.2597,2.81893,0.01118,0.43925,0.16656,0.15258,0.09207,2.34153,3.11812,0.01157,0.00171332,0.000571106,0.00171332,0.000571106,0.00171332,0.000571106,0.00171332,0.000571106
131,73422.5,2.25702,2.80918,0.01107,0.43917,0.16616,0.15275,0.0922,2.34109,3.11912,0.01157,0.00158385,0.00052795,0.00158385,0.00052795,0.00158385,0.00052795,0.00158385,0.00052795
132,73896.9,2.25245,2.80604,0.01104,0.43966,0.16659,0.15286,0.09234,2.34045,3.11987,0.01156,0.00146033,0.000486777,0.00146033,0.000486777,0.00146033,0.000486777,0.00146033,0.000486777
133,74363.7,2.25342,2.79806,0.01105,0.43892,0.16612,0.15303,0.0924,2.33998,3.1204,0.01156,0.00134282,0.000447606,0.00134282,0.000447606,0.00134282,0.000447606,0.00134282,0.000447606
134,74841,2.25408,2.79191,0.01105,0.43964,0.16646,0.1531,0.09252,2.33969,3.12037,0.01155,0.00123136,0.000410454,0.00123136,0.000410454,0.00123136,0.000410454,0.00123136,0.000410454
135,75295.8,2.24597,2.79503,0.01103,0.43799,0.16613,0.15316,0.09258,2.33905,3.12107,0.01155,0.00112601,0.000375337,0.00112601,0.000375337,0.00112601,0.000375337,0.00112601,0.000375337
136,75741.1,2.24599,2.78762,0.01102,0.43668,0.16627,0.1532,0.09259,2.33909,3.12113,0.01155,0.00102681,0.00034227,0.00102681,0.00034227,0.00102681,0.00034227,0.00102681,0.00034227
137,76178.7,2.24456,2.78167,0.011,0.43523,0.1664,0.15317,0.09261,2.33898,3.12259,0.01156,0.000933805,0.000311268,0.000933805,0.000311268,0.000933805,0.000311268,0.000933805,0.000311268
138,76628.7,2.24639,2.7781,0.01101,0.43566,0.16656,0.15292,0.09252,2.33944,3.12282,0.01156,0.000847036,0.000282345,0.000847036,0.000282345,0.000847036,0.000282345,0.000847036,0.000282345
139,77066.4,2.24146,2.77557,0.01099,0.43484,0.16679,0.15308,0.0925,2.33949,3.12325,0.01156,0.00076654,0.000255513,0.00076654,0.000255513,0.00076654,0.000255513,0.00076654,0.000255513
140,77505.1,2.23865,2.76768,0.01093,0.43401,0.16694,0.1531,0.09251,2.3398,3.12378,0.01157,0.000692353,0.000230784,0.000692353,0.000230784,0.000692353,0.000230784,0.000692353,0.000230784
141,77935.8,2.24238,2.76879,0.01092,0.43589,0.16676,0.15312,0.09248,2.34089,3.12418,0.01157,0.000624508,0.000208169,0.000624508,0.000208169,0.000624508,0.000208169,0.000624508,0.000208169
142,78365.1,2.23912,2.77122,0.01096,0.43495,0.16702,0.15315,0.09244,2.3412,3.12489,0.01157,0.000563034,0.000187678,0.000563034,0.000187678,0.000563034,0.000187678,0.000563034,0.000187678
143,78799.6,2.24516,2.76534,0.01094,0.43366,0.16682,0.15301,0.09231,2.34118,3.12641,0.01157,0.000507959,0.00016932,0.000507959,0.00016932,0.000507959,0.00016932,0.000507959,0.00016932
144,79236.5,2.23791,2.76265,0.01091,0.43553,0.16657,0.15295,0.09219,2.34206,3.12731,0.01158,0.000459306,0.000153102,0.000459306,0.000153102,0.000459306,0.000153102,0.000459306,0.000153102
145,79672.6,2.23707,2.76116,0.0109,0.43551,0.16686,0.15314,0.09226,2.3421,3.12787,0.01158,0.000417097,0.000139032,0.000417097,0.000139032,0.000417097,0.000139032,0.000417097,0.000139032
146,80109.2,2.24048,2.75922,0.01092,0.43625,0.16653,0.15308,0.09219,2.34274,3.12937,0.01158,0.00038135,0.000127117,0.00038135,0.000127117,0.00038135,0.000127117,0.00038135,0.000127117
147,80544.1,2.23666,2.7615,0.01091,0.43792,0.16631,0.15305,0.0921,2.34332,3.12996,0.01158,0.000352081,0.00011736,0.000352081,0.00011736,0.000352081,0.00011736,0.000352081,0.00011736
148,80975.4,2.23778,2.75968,0.01091,0.43636,0.16652,0.15313,0.09204,2.34361,3.13125,0.01159,0.000329303,0.000109768,0.000329303,0.000109768,0.000329303,0.000109768,0.000329303,0.000109768
149,81401.9,2.23709,2.75653,0.01092,0.43766,0.16656,0.15295,0.09194,2.34387,3.13224,0.01159,0.000313026,0.000104342,0.000313026,0.000104342,0.000313026,0.000104342,0.000313026,0.000104342
150,81818.4,2.23809,2.75561,0.01092,0.43622,0.1668,0.15303,0.09193,2.34489,3.13287,0.01161,0.000303257,0.000101086,0.000303257,0.000101086,0.000303257,0.000101086,0.000303257,0.000101086
